|foundation_model|aggregator|classifier|fold|benign_auroc|bowens_auroc|bcc_auroc|scc_auroc|benign_auprc|bowens_auprc|bcc_auprc|scc_auprc
0|gigapath|abmil-1_heads|MLP|4|0.8460771276595744|0.8185185185185185|0.9555555555555556|0.9739010989010989|0.7671443666294864|0.7244038705662266|0.9179967036422385|0.6654761904761903
1|gigapath|gabmil-1_heads|MLP|0|0.8718140929535232|0.7927927927927928|0.9650028686173264|0.9852724594992637|0.7753506597963062|0.6825921535115465|0.9354601844889001|0.8239022881880024
2|gigapath|abmil-1_heads|MLP|3|0.8285184203551551|0.8569767441860465|0.9876093294460642|0.9848053181386515|0.7875322001839932|0.7407381147376505|0.9609171132762908|0.7575227241893909
3|gigapath|gabmil-1_heads|MLP|4|0.8410904255319149|0.8177777777777777|0.956084656084656|0.9684065934065934|0.772430150611394|0.7094963496330583|0.919350432033436|0.5602873317159031
4|gigapath|abmil-8_heads|MLP|1|0.8499622071050643|0.8164871582435791|0.9761904761904763|0.9896907216494846|0.7941838530308665|0.6758718150726466|0.9495680489101541|0.9129464285714286
5|gigapath|abmil-1_heads|MLP|2|0.885663082437276|0.7733446519524618|0.9609756097560976|0.962046204620462|0.8479229496785451|0.5643208176104503|0.9136134925524484|0.6940656565656566
6|gigapath|abmil-8_heads|MLP|3|0.8377948582030215|0.8238372093023256|0.971938775510204|0.9876543209876543|0.7984510920997735|0.7203730605522106|0.8952394682039881|0.7863235529902197
7|gigapath|abmil-8_heads|MLP|2|0.8885304659498208|0.7576400679117148|0.9639024390243902|0.9636963696369637|0.846395233832225|0.595974694672859|0.9080289461075078|0.6827380952380951
8|gigapath|gabmil-8_heads|MLP|0|0.8883058470764618|0.8274774774774776|0.9598393574297187|0.9764359351988218|0.8140998623076017|0.7556762299909707|0.9433295347806787|0.8126984126984127
9|gigapath|gabmil-8_heads|MLP|4|0.8361037234042553|0.7755555555555556|0.9550264550264551|0.9739010989010989|0.7568027617607807|0.7001893676912806|0.8828300290034987|0.5871057513914657
10|gigapath|abmil-1_heads|MLP|0|0.8751874062968517|0.7995495495495495|0.9695926563396442|0.9852724594992637|0.7944343224183789|0.6893443213400434|0.9455268296729967|0.8310451453308596
11|gigapath|gabmil-8_heads|MLP|2|0.8770609318996416|0.7580645161290323|0.9682926829268292|0.9686468646864687|0.8334079329222063|0.5794099536449536|0.9197709652078478|0.6915616246498599
12|gigapath|gabmil-1_heads|MLP|2|0.8863799283154121|0.767402376910017|0.9565853658536586|0.9735973597359736|0.8446975652102665|0.5574914809227445|0.8987395915176957|0.7152777777777777
13|gigapath|abmil-8_heads|MLP|0|0.8654422788605697|0.8054054054054055|0.961560527825588|0.9793814432989691|0.789343788059292|0.7348809361176607|0.9533307469827003|0.8112554112554113
14|gigapath|gabmil-1_heads|MLP|3|0.8232175987278029|0.852906976744186|0.9825072886297376|0.9914529914529915|0.786648600837137|0.7238224931616013|0.944944112363295|0.9013548180214848
15|gigapath|gabmil-8_heads|MLP|3|0.8547574874105486|0.8392441860465116|0.9777696793002916|0.9857549857549857|0.811486699091617|0.750309629557034|0.9214323661964077|0.7159531826198493
16|gigapath|gabmil-1_heads|MLP|1|0.8442932728647015|0.8371996685998343|0.9863945578231292|0.9896907216494846|0.8100214710149666|0.6867927530188903|0.9616369984791038|0.8993055555555555
17|gigapath|abmil-1_heads|MLP|1|0.8514739229024944|0.8458989229494613|0.9892290249433107|0.9896907216494846|0.82051526938316|0.6959090258947455|0.9714285714285715|0.8993055555555555
18|gigapath|gabmil-8_heads|MLP|1|0.8465608465608466|0.8214581607290803|0.9767573696145124|0.9922680412371134|0.8036131708134218|0.6897288016564521|0.9582170915504249|0.9248511904761905
19|gigapath|abmil-8_heads|MLP|4|0.8467420212765957|0.82|0.9571428571428571|0.978021978021978|0.7823199671215046|0.7388014624972717|0.9175130445585999|0.6758503401360545
20|uni|gabmil-1_heads|MLP|3|0.8613835144447389|0.868313953488372|0.9887026239067056|0.9924026590693257|0.8093180253203727|0.7825112186172846|0.9607941886960666|0.9094356261022929
21|uni|abmil-1_heads|MLP|3|0.8560826928173868|0.8709302325581395|0.9887026239067056|0.9905033238366572|0.8124861934365657|0.7775419090879018|0.9598363342899363|0.8686948853615521
22|uni|gabmil-8_heads|MLP|4|0.8543882978723404|0.8466666666666667|0.9619047619047618|0.9752747252747253|0.7690119942569643|0.7755908453270821|0.9256177849927854|0.6427798392084105
23|uni|abmil-8_heads|MLP|1|0.8356009070294784|0.7841756420878211|0.981859410430839|0.9858247422680412|0.7529543421282582|0.6584010688298522|0.9597637504614249|0.8918650793650793
24|uni|abmil-8_heads|MLP|2|0.8888888888888888|0.8174872665534805|0.9726829268292683|0.9900990099009901|0.845213325699925|0.6552251585208657|0.9454532967032968|0.8357142857142856
25|uni|abmil-1_heads|MLP|4|0.8583776595744681|0.8288888888888888|0.9597883597883599|0.9739010989010989|0.7742886299662521|0.737871764859916|0.9361466689423683|0.5713512677798391
26|uni|gabmil-1_heads|MLP|1|0.8216175359032503|0.7928748964374482|0.9812925170068028|0.9922680412371134|0.7433632981393002|0.6691487452609607|0.9487168304118769|0.9248511904761905
27|uni|gabmil-8_heads|MLP|1|0.8473167044595615|0.7961888980944489|0.9716553287981858|0.9871134020618557|0.7696475505288382|0.6844135669779853|0.9459405538651084|0.8910714285714285
28|uni|abmil-1_heads|MLP|0|0.8718140929535233|0.8234234234234233|0.9598393574297187|0.9926362297496317|0.8083659014084612|0.6562587468740151|0.9429251700680272|0.8954648526077098
29|uni|abmil-8_heads|MLP|0|0.8313343328335832|0.7707207207207207|0.942627653471027|0.9808541973490427|0.7868538607759943|0.5941325999723688|0.9087971599157125|0.7948979591836735
30|uni|abmil-1_heads|MLP|1|0.8344671201814059|0.7970173985086992|0.9824263038548753|0.9961340206185567|0.7415035065123768|0.6689785318178659|0.9533566350516816|0.959375
31|uni|gabmil-8_heads|MLP|2|0.8935483870967742|0.8089983022071308|0.9760975609756097|0.9917491749174917|0.8541220037891207|0.6547283003854963|0.9525393801965232|0.8555555555555555
32|uni|gabmil-8_heads|MLP|3|0.872250198780811|0.8680232558139536|0.9792274052478134|0.9943019943019943|0.8207256409795496|0.7956066665249698|0.9314593117925646|0.9191718775052109
33|uni|abmil-1_heads|MLP|2|0.8899641577060933|0.8128183361629882|0.9697560975609757|0.9884488448844884|0.8547988292696611|0.6374695493064461|0.9458674466674468|0.8305555555555555
34|uni|abmil-8_heads|MLP|3|0.8605883912006361|0.8607558139534883|0.9865160349854227|0.9914529914529915|0.7947439214045304|0.7728293771523691|0.9598411185950004|0.8794973544973546
35|uni|gabmil-1_heads|MLP|4|0.8513962765957446|0.8414814814814814|0.9592592592592593|0.9766483516483516|0.7625490274992593|0.744149803138664|0.9358906525573196|0.604251700680272
36|uni|gabmil-1_heads|MLP|0|0.8665667166416791|0.8135135135135134|0.9604130808950085|0.9911634756995582|0.7918638785322787|0.6435095319463862|0.9183270065070153|0.8843537414965986
37|uni|gabmil-1_heads|MLP|2|0.8849462365591397|0.8128183361629882|0.9731707317073172|0.9884488448844885|0.8529253016335933|0.6162933154952648|0.9536539624924381|0.8134920634920634
38|uni|abmil-8_heads|MLP|4|0.8450797872340425|0.8407407407407408|0.9756613756613757|0.9766483516483516|0.7493421878903193|0.7821404050779007|0.9387707918744816|0.6665893630179345
39|uni|gabmil-8_heads|MLP|0|0.8343328335832084|0.781981981981982|0.9483648881239243|0.9882179675994109|0.7844495846098598|0.6170179608024905|0.9150397643956384|0.8571428571428572
40|prism|abmil-1_heads|MLP|2|0.8903225806451612|0.819609507640068|0.9624390243902439|0.9768976897689768|0.8542179621350122|0.6769549527422087|0.9364088853519464|0.7278138528138527
41|prism|abmil-1_heads|MLP|0|0.8414542728635683|0.813963963963964|0.9586919104991395|0.9896907216494845|0.7622852683249796|0.6919465727924222|0.931516821258884|0.8631519274376418
42|prism|gabmil-8_heads|MLP|0|0.8347076461769115|0.813963963963964|0.9638554216867469|0.9970544918998527|0.7944444609849302|0.7101286696841054|0.9539407820597172|0.9682539682539683
43|prism|abmil-8_heads|MLP|3|0.8391200636098595|0.8526162790697676|0.9857871720116618|0.9848053181386515|0.7770482291321206|0.7355799437896492|0.9519147208630228|0.8027657527657528
44|prism|gabmil-8_heads|MLP|3|0.8433607209117413|0.8703488372093022|0.9930758017492711|0.9838556505223172|0.7761743717458527|0.747299016830564|0.9786883503401359|0.7064694564694566
45|prism|gabmil-8_heads|MLP|2|0.8810035842293907|0.8056027164685908|0.9702439024390245|0.9653465346534654|0.8029591865086125|0.6314110655590326|0.9316102366666105|0.7722222222222221
46|prism|abmil-8_heads|MLP|4|0.8238031914893618|0.8125925925925926|0.9597883597883597|0.9697802197802198|0.734094675316923|0.7134616305931386|0.9384615384615389|0.6215118215118214
47|prism|gabmil-1_heads|MLP|1|0.8688586545729403|0.8724109362054682|0.9812925170068028|0.9974226804123711|0.8340034547999613|0.767595715549923|0.9543757412178464|0.9704861111111112
48|prism|abmil-8_heads|MLP|1|0.844671201814059|0.8380281690140845|0.969954648526077|0.9871134020618556|0.8011788061271484|0.6721611221559318|0.9465181421405773|0.8886113886113886
49|prism|abmil-1_heads|MLP|1|0.8507180650037793|0.8471416735708368|0.9812925170068028|0.9974226804123711|0.7851547836391229|0.7336498168994942|0.957613814756672|0.9704861111111112
50|prism|gabmil-8_heads|MLP|4|0.8028590425531914|0.8174074074074074|0.9497354497354498|0.9711538461538461|0.7037939454584702|0.7083379221459647|0.9212680587590469|0.6328754578754578
51|prism|gabmil-8_heads|MLP|1|0.8492063492063492|0.8135874067937034|0.9648526077097506|0.9922680412371134|0.7967263528215885|0.661756831390276|0.9444444444444444|0.9248511904761905
52|prism|gabmil-1_heads|MLP|4|0.8018617021276596|0.8248148148148148|0.9661375661375662|0.9574175824175825|0.7242040427484198|0.6919374731049744|0.926655954779573|0.4792207792207791
53|prism|abmil-8_heads|MLP|0|0.8497001499250375|0.8247747747747748|0.961560527825588|0.9882179675994108|0.8083953106701542|0.7134104030107624|0.9458082728040711|0.8441043083900227
54|prism|abmil-1_heads|MLP|4|0.7992021276595744|0.8174074074074074|0.9666666666666666|0.9574175824175825|0.7188935698127618|0.6978565954286645|0.920044983298546|0.4705516705516705
55|prism|gabmil-1_heads|MLP|3|0.8274582560296846|0.8761627906976744|0.9894314868804666|0.9810066476733144|0.789708696169121|0.7405393654070783|0.9639910876244477|0.7315153981820648
56|prism|gabmil-1_heads|MLP|0|0.830584707646177|0.8031531531531532|0.9598393574297188|0.9882179675994108|0.7554505561375122|0.6814229885145761|0.9386294559352684|0.8441043083900227
57|prism|gabmil-1_heads|MLP|2|0.8888888888888888|0.8285229202037352|0.9624390243902439|0.9768976897689768|0.8545485498699722|0.6708533410203014|0.9355689644033298|0.7278138528138527
58|prism|abmil-8_heads|MLP|2|0.9043010752688172|0.7767402376910018|0.9736585365853658|0.9735973597359736|0.8470686828676165|0.6146475536438112|0.9310198301347179|0.7244047619047619
59|prism|abmil-1_heads|MLP|3|0.8266631327855818|0.8694767441860465|0.9908892128279884|0.9772079772079771|0.7862184272804861|0.744839807453778|0.969855221555532|0.7017815517815518
60|prism|GAP|xgb|0|0.7256371814092953|0.6351351351351351|0.7670682730923695|0.9734904270986745|0.6885131767530115|0.4620491496010699|0.5766534837839531|0.7861678004535148
61|prism|GAP|xgb|1|0.8148148148148148|0.691797845898923|0.913265306122449|0.9780927835051547|0.7077244174815712|0.5921583500717195|0.7359249115101729|0.8305555555555555
62|prism|GAP|xgb|2|0.8261648745519714|0.6218166383701188|0.8736585365853659|0.966996699669967|0.7463481037853695|0.3611070826184755|0.7086683859543865|0.6404401154401155
63|prism|GAP|xgb|3|0.7927378743705275|0.6616279069767441|0.9045189504373178|0.982905982905983|0.7197191462768054|0.5040746531359642|0.7387961247816145|0.7407999407999408
64|prism|GAP|xgb|4|0.7529920212765958|0.6888888888888888|0.8354497354497354|0.951923076923077|0.6890599910799471|0.5529010896323687|0.6232196905118867|0.5050754800754801
65|prism|GAP|lr|0|0.8197151424287856|0.8094594594594595|0.9070567986230635|0.9941089837997055|0.7752443131242911|0.677771708172717|0.8556384114532036|0.936734693877551
66|prism|GAP|lr|1|0.8344671201814058|0.7970173985086992|0.9835600907029478|0.9896907216494846|0.7947303995298537|0.6666793008769304|0.935681524071617|0.9128787878787878
67|prism|GAP|lr|2|0.8415770609318997|0.7130730050933786|0.9609756097560976|0.9570957095709571|0.7601692148793106|0.5357665814473546|0.8850811055679617|0.8378136200716846
68|prism|GAP|lr|3|0.8560826928173867|0.8125|0.9639212827988338|0.9971509971509971|0.7996251776300112|0.6863657554258332|0.8598386389447884|0.9722222222222223
69|prism|GAP|lr|4|0.7835771276595744|0.7574074074074074|0.9322751322751323|0.9381868131868132|0.7206833313860407|0.6084499386709712|0.8064215256067171|0.4572364978380016
70|gigapath|GAP|xgb|0|0.7410044977511244|0.6693693693693694|0.7676419965576592|0.9131075110456554|0.7199198298375262|0.4228228683954994|0.6330097872537861|0.7055933484504913
71|gigapath|GAP|xgb|1|0.8049886621315193|0.6503728251864126|0.8764172335600907|0.9716494845360825|0.6909702999479974|0.5396853095829274|0.594176505106784|0.7543612637362638
72|gigapath|GAP|xgb|2|0.8043010752688172|0.5831918505942275|0.8692682926829268|0.9636963696369637|0.7101540391150045|0.3941755676123434|0.6869784121039503|0.6125272331154684
73|gigapath|GAP|xgb|3|0.8256029684601113|0.6531976744186047|0.8137755102040816|0.982905982905983|0.8019057581902861|0.43394774174465933|0.5971443686568535|0.7097001763668431
74|gigapath|GAP|xgb|4|0.7719414893617021|0.6159259259259259|0.8031746031746031|0.9835164835164836|0.6712975321870658|0.48289044763383737|0.5552845639589179|0.7825757575757575
75|gigapath|GAP|lr|0|0.8339580209895052|0.7315315315315316|0.9064830751577739|0.9793814432989691|0.7650550187356266|0.5662983586029153|0.772859703707214|0.8278711484593837
76|gigapath|GAP|lr|1|0.8461829176114891|0.7265948632974316|0.9467120181405896|0.9742268041237113|0.7839221031136129|0.5936445990986249|0.8233681778167994|0.8270100069013112
77|gigapath|GAP|lr|2|0.8297491039426523|0.6617147707979626|0.928780487804878|0.976897689768977|0.7423058892229902|0.5428289601448273|0.829531150404476|0.7893790849673202
78|gigapath|GAP|lr|3|0.8192419825072887|0.7305232558139535|0.8979591836734694|0.9914529914529915|0.8004807424882947|0.5344921837998801|0.6985257770836201|0.7856701940035274
79|gigapath|GAP|lr|4|0.7829122340425532|0.7085185185185185|0.8587301587301587|0.9821428571428571|0.72152759743399|0.6052048305369012|0.6054332053771745|0.7163265306122448
80|gigapath|GAP|MLP|0|0.75|0.6536036036036037|0.8559954102122777|0.9381443298969072|0.715372029429592|0.4805480370443261|0.7368838768838769|0.6802721088435373
81|gigapath|GAP|MLP|1|0.7970521541950113|0.671913835956918|0.9172335600907029|0.9755154639175257|0.7218227006073537|0.5272979116641507|0.717497739931255|0.7979166666666666
82|gigapath|GAP|MLP|2|0.8541218637992831|0.6392190152801358|0.9029268292682927|0.9702970297029704|0.7885726941252433|0.4064653369107044|0.7573931049426689|0.6319444444444444
83|gigapath|GAP|MLP|3|0.788232175987278|0.6805232558139535|0.8629737609329446|0.9886039886039886|0.7535957719895499|0.4669469856527111|0.6661752372096829|0.7591269841269842
84|gigapath|GAP|MLP|4|0.7722739361702128|0.6244444444444444|0.7677248677248677|0.9574175824175825|0.6949721324718402|0.39352444006523135|0.46039908312914835|0.5930115635997989
85|uni|GAP|MLP|0|0.7574962518740631|0.7022522522522523|0.8261617900172117|0.9720176730486009|0.7246463026687603|0.526173724304696|0.7236747998948294|0.8040230446245483
86|uni|GAP|MLP|1|0.8065003779289494|0.6669428334714167|0.9087301587301587|0.9652061855670102|0.7234726159444645|0.5271579337393529|0.7610767654579946|0.8519009216589861
87|uni|GAP|MLP|2|0.8462365591397849|0.6859083191850595|0.9102439024390243|0.9933993399339934|0.7859567839512394|0.43681492617252454|0.7564681441207242|0.8734126984126983
88|uni|GAP|MLP|3|0.7688841770474424|0.7093023255813954|0.8793731778425655|0.9905033238366572|0.7402912594125235|0.47697944546574406|0.6526309485732843|0.8949445616112284
89|uni|GAP|MLP|4|0.7736037234042554|0.6874074074074075|0.8544973544973544|0.9697802197802198|0.698589698448933|0.49505252113576925|0.621007090946806|0.6158428872714585
90|prism|GAP|MLP|0|0.7436281859070464|0.6981981981981982|0.865748709122203|0.9852724594992637|0.7029857491819226|0.5292493508864521|0.7595549298518591|0.8210884353741497
91|prism|GAP|MLP|1|0.7951625094482236|0.7091963545981773|0.9484126984126984|0.9806701030927835|0.7118199356363977|0.5760951221999243|0.8784021117437799|0.8571189839572193
92|prism|GAP|MLP|2|0.8620071684587813|0.6494057724957556|0.9400000000000001|0.9702970297029703|0.7610623139530397|0.4658962338890925|0.8046634403007428|0.6827380952380951
93|prism|GAP|MLP|3|0.7877020938245428|0.6813953488372092|0.9245626822157433|0.9914529914529915|0.7247697276530796|0.44834585686407497|0.7575074460442502|0.9108175774842442
94|prism|GAP|MLP|4|0.75|0.6685185185185185|0.8835978835978836|0.9546703296703297|0.6850926681815542|0.47596358101496344|0.6647380097889171|0.5280303030303031
95|prism|PRISM|MLP|0|0.8354572713643178|0.7963963963963965|0.970166379804934|0.9911634756995581|0.7392114521004619|0.6733088436020042|0.957563025210084|0.8917233560090703
96|prism|PRISM|MLP|1|0.8983371126228269|0.8670256835128417|0.9841269841269841|0.9896907216494846|0.8389709430616619|0.7941784225581233|0.9608627005178729|0.8897186147186148
97|prism|PRISM|MLP|2|0.9175627240143369|0.8556876061120543|0.9546341463414635|0.9933993399339934|0.8650256668466043|0.7513237246186598|0.9334105263157896|0.9107142857142856
98|prism|PRISM|MLP|3|0.9037900874635567|0.9401162790697675|0.9916180758017493|0.9933523266856601|0.857349709284714|0.8773021706079249|0.9710409873833519|0.8782627865961201
99|prism|PRISM|MLP|4|0.8683510638297873|0.8555555555555555|0.9587301587301587|0.9793956043956044|0.7660645103571025|0.7851559424178575|0.9354679802955668|0.723299319727891
100|gigapath|gigapath_cls|MLP|0|0.724512743628186|0.4788288288288288|0.7464142283419392|0.8512518409425626|0.6704771335194404|0.3009545015059961|0.5126737548876796|0.523227367870225
101|gigapath|gigapath_cls|MLP|1|0.7150415721844293|0.5704225352112676|0.699546485260771|0.9510309278350516|0.5934350899396367|0.3821437652796576|0.40600645272776|0.6844792462439521
102|gigapath|gigapath_cls|MLP|2|0.7831541218637993|0.5462648556876062|0.7721951219512195|0.9389438943894389|0.6709644487862275|0.3457350917712111|0.5516737693493711|0.47676767676767673
103|gigapath|gigapath_cls|MLP|3|0.7121653856347734|0.5880813953488372|0.7346938775510204|0.9715099715099715|0.6617578415672631|0.35734158914477887|0.40637251595073304|0.6773809523809524
104|gigapath|gigapath_cls|MLP|4|0.652593085106383|0.5196296296296297|0.6465608465608466|0.973901098901099|0.6003317232908635|0.3135775486883633|0.32629024441211885|0.7638888888888888
105|gigapath|gigapath_pool|MLP|0|0.6937781109445277|0.6018018018018019|0.8049340218014917|0.9013254786450662|0.6241852629649978|0.4656689518526967|0.6442759196571576|0.666017316017316
106|gigapath|gigapath_pool|MLP|1|0.7860922146636432|0.6391880695940348|0.8605442176870748|0.9768041237113402|0.7061786610573708|0.47348906391896917|0.6556876101975746|0.7863553113553113
107|gigapath|gigapath_pool|MLP|2|0.839426523297491|0.6447368421052632|0.9058536585365853|0.9702970297029703|0.7677660188357223|0.43063093063579727|0.7515817464610632|0.6001683501683502
108|gigapath|gigapath_pool|MLP|3|0.802014312218394|0.6680232558139535|0.8684402332361516|0.9876543209876543|0.748504200597498|0.4595800865713764|0.6196773658646078|0.7919753086419754
109|gigapath|gigapath_pool|MLP|4|0.7779255319148936|0.6155555555555556|0.7756613756613757|0.9587912087912087|0.7179435620292025|0.40629932676015346|0.4863009225475118|0.5603785103785104
110|prism|PRISM|xgb|0|0.8279610194902549|0.777027027027027|0.9569707401032702|0.9955817378497791|0.7585265867051896|0.6576953945089574|0.9358054226475279|0.9379251700680272
111|prism|PRISM|xgb|1|0.8601662887377173|0.8425849212924605|0.9739229024943311|0.9884020618556701|0.784138876002079|0.772339886169208|0.9379345571296036|0.8784722222222222
112|prism|PRISM|xgb|2|0.9017921146953405|0.8297962648556876|0.9580487804878048|0.9900990099009901|0.8107875323688406|0.7333081587392306|0.9303067292644758|0.8357142857142856
113|prism|PRISM|xgb|3|0.8802014312218395|0.8976744186046511|0.9938046647230321|0.9981006647673315|0.8292753054184616|0.8120174271222835|0.9789650044446543|0.9765432098765434
114|prism|PRISM|xgb|4|0.8513962765957447|0.8351851851851851|0.9603174603174602|0.9876373626373626|0.7877545317329917|0.7179087941232117|0.9231781868608113|0.7798185941043083
115|prism|PRISM|lr|0|0.8452023988005997|0.8666666666666667|0.9363166953528399|0.9911634756995582|0.783122287497588|0.7603312991007822|0.8996193621193622|0.9038342609771182
116|prism|PRISM|lr|1|0.8862433862433863|0.8562551781275892|0.9546485260770975|0.9871134020618557|0.821393616556669|0.7574122698534927|0.8946948649605897|0.8513257575757576
117|prism|PRISM|lr|2|0.9111111111111111|0.8361629881154499|0.9565853658536586|0.9323432343234324|0.817255553216308|0.6988869889682676|0.9294157221652251|0.8272946859903382
118|prism|PRISM|lr|3|0.8929234031274847|0.9229651162790699|0.9905247813411079|0.9914529914529915|0.8454311708483432|0.8797563078530221|0.9673541138694284|0.7856701940035274
119|prism|PRISM|lr|4|0.8500664893617021|0.84|0.944973544973545|0.9766483516483516|0.7783216375473183|0.7300966670329019|0.893513107690896|0.6828592042877757
120|gigapath|gigapath_cls|xgb|0|0.7091454272863568|0.5891891891891892|0.7194492254733218|0.946980854197349|0.6602717868665882|0.3673053739642338|0.49906779666018247|0.6494592708878423
121|gigapath|gigapath_cls|xgb|1|0.7312925170068028|0.5907207953603977|0.7732426303854876|0.952319587628866|0.6017943552889871|0.4667456001115452|0.4264661208370042|0.731187678062678
122|gigapath|gigapath_cls|xgb|2|0.7641577060931899|0.5810696095076401|0.8097560975609757|0.9587458745874587|0.6919054618464534|0.36475841957579647|0.5371229556509941|0.5549242424242424
123|gigapath|gigapath_cls|xgb|3|0.7394646170156374|0.6200581395348838|0.815597667638484|0.98005698005698|0.7000769343421817|0.3745096787905289|0.5771980733641063|0.7177359677359678
124|gigapath|gigapath_cls|xgb|4|0.7220744680851063|0.5911111111111111|0.78994708994709|0.9436813186813187|0.6196008658252364|0.4281449170214847|0.46288824543386736|0.589396628216504
125|gigapath|gigapath_cls|lr|0|0.7410044977511244|0.6725225225225225|0.802065404475043|0.8335787923416789|0.6758523677336044|0.49556506815628465|0.6942351781637496|0.5983577165806081
126|gigapath|gigapath_cls|lr|1|0.8170823885109599|0.6992543496271748|0.8503401360544217|0.9716494845360825|0.7850242795798258|0.528056812951001|0.6476422011076743|0.7770299145299145
127|gigapath|gigapath_cls|lr|2|0.8419354838709677|0.6799660441426145|0.9239024390243902|0.9636963696369637|0.7571110626954227|0.474323467098618|0.7713352115755401|0.5687830687830687
128|gigapath|gigapath_cls|lr|3|0.8107606679035251|0.7040697674418606|0.896865889212828|0.9838556505223172|0.7634925226020834|0.4926020064586575|0.7419886652069128|0.8044363044363045
129|gigapath|gigapath_cls|lr|4|0.7982047872340425|0.7488888888888888|0.8539682539682539|0.9807692307692307|0.7182578873305219|0.6150691145489207|0.6510878882047486|0.7337257980115122
130|gigapath|gigapath_pool|xgb|0|0.7402548725637181|0.6094594594594595|0.7538726333907056|0.9410898379970545|0.6887938206546771|0.39908251970425856|0.6021480682235765|0.7243059385916528
131|gigapath|gigapath_pool|xgb|1|0.7751322751322752|0.6246893123446562|0.8441043083900226|0.9742268041237113|0.6890375891486223|0.4952028742498111|0.5693953623264205|0.7279523172905527
132|gigapath|gigapath_pool|xgb|2|0.7788530465949821|0.5776740237691002|0.8160975609756098|0.966996699669967|0.6720340502207975|0.37332186516513755|0.5826411375264978|0.5715969215969217
133|gigapath|gigapath_pool|xgb|3|0.8316989133315664|0.6328488372093023|0.8247084548104957|0.9857549857549858|0.771224358648139|0.43240859138307364|0.6056253827022072|0.7481701940035274
134|gigapath|gigapath_pool|xgb|4|0.7636303191489362|0.6103703703703702|0.7841269841269841|0.9725274725274725|0.6881952590612301|0.4506800210024675|0.550977617670596|0.676984126984127
135|gigapath|gigapath_pool|lr|0|0.8448275862068966|0.7873873873873873|0.8554216867469879|0.9646539027982326|0.8000632524218112|0.5793107127302516|0.7548938873879145|0.7794451113778845
136|gigapath|gigapath_pool|lr|1|0.8314436885865457|0.7323943661971831|0.9501133786848073|0.9780927835051546|0.7713789801246378|0.60711861780578|0.8357806389263709|0.8484649122807018
137|gigapath|gigapath_pool|lr|2|0.8258064516129032|0.6842105263157896|0.9292682926829269|0.9306930693069306|0.7526413071511834|0.48869826926350557|0.8196284021498859|0.6071225071225071
138|gigapath|gigapath_pool|lr|3|0.7953882851842036|0.7273255813953489|0.8917638483965015|0.9886039886039886|0.7725175395342956|0.532955068072104|0.6654579205094738|0.7591269841269842
139|gigapath|gigapath_pool|lr|4|0.78125|0.7518518518518518|0.8158730158730159|0.9807692307692308|0.7362695979740219|0.6354757510443253|0.5872683686180014|0.7159090909090908
140|uni|GAP|xgb|0|0.7537481259370316|0.7495495495495496|0.7871485943775101|0.9617083946980854|0.7434148843074672|0.5649110956134737|0.570903962260505|0.7483333333333333
141|uni|GAP|xgb|1|0.7959183673469388|0.6536868268434134|0.8781179138321995|0.98840206185567|0.6792512140911167|0.5580046250554259|0.6648107787319755|0.8965659340659341
142|uni|GAP|xgb|2|0.8293906810035843|0.6511035653650254|0.9180487804878048|0.9884488448844884|0.7521923658647667|0.41457296294385754|0.7656820499196662|0.8412698412698412
143|uni|GAP|xgb|3|0.8126159554730983|0.6186046511627907|0.8108600583090378|0.9886039886039886|0.7618105337730555|0.43121720592661966|0.5707675174816681|0.8066017316017318
144|uni|GAP|xgb|4|0.7918882978723405|0.717037037037037|0.8074074074074074|0.989010989010989|0.7426021909286761|0.5263001927799239|0.6244062047003212|0.8766233766233766
145|uni|GAP|lr|0|0.8335832083958021|0.7716216216216216|0.8955823293172691|0.9941089837997054|0.8058277902126887|0.5829737459479777|0.8083012371383838|0.9325396825396826
146|uni|GAP|lr|1|0.8510959939531368|0.7630488815244407|0.921201814058957|0.990979381443299|0.8079419848486565|0.6216716613970382|0.793371119588447|0.9308035714285714
147|uni|GAP|lr|2|0.853763440860215|0.7245331069609507|0.9258536585365853|0.9818481848184819|0.8137011699177866|0.5725207738486728|0.8321111019223688|0.8523809523809522
148|uni|GAP|lr|3|0.8253379273787437|0.7811046511627907|0.9147230320699709|0.9981006647673315|0.7719609210172257|0.6101157899342291|0.7030360004098815|0.9765432098765434
149|uni|GAP|lr|4|0.7852393617021277|0.7848148148148147|0.8777777777777778|0.9670329670329669|0.7096464216879469|0.6804403132469705|0.6052192150323508|0.5961760461760461
150|resnet18|abmil-1_heads|MLP|0|0.7316341829085458|0.554054054054054|0.7923121055651176|0.9086892488954343|0.6711444978551242|0.3758604249409597|0.4828898508009474|0.5924010513296227
151|resnet18|abmil-1_heads|MLP|1|0.7244897959183674|0.6014913007456504|0.7165532879818594|0.9497422680412371|0.5814976083539694|0.4100863413710356|0.45845931162140136|0.5564178876678876
152|resnet18|abmil-1_heads|MLP|2|0.7440860215053763|0.551358234295416|0.7653658536585366|0.9653465346534653|0.7242892648882319|0.3458457291420437|0.5307936134829566|0.6499999999999999
153|resnet18|abmil-1_heads|MLP|3|0.7206467002385369|0.626453488372093|0.7806122448979591|0.962962962962963|0.6396280338228466|0.4408761935174341|0.49848150832627525|0.5472073677956031
154|resnet18|abmil-1_heads|MLP|4|0.6063829787234043|0.564074074074074|0.6592592592592592|0.9642857142857143|0.5248295578612079|0.3610282053457575|0.32234172979778|0.6981619570905284
155|resnet18|abmil-8_heads|MLP|0|0.7653673163418291|0.5342342342342342|0.8209982788296041|0.8733431516936672|0.6724887260009352|0.3665762780159212|0.6007878547869909|0.5243430705615579
156|resnet18|abmil-8_heads|MLP|1|0.7690854119425548|0.6159900579950289|0.7896825396825398|0.9471649484536083|0.6399411604413603|0.42185668747242216|0.5380678169990509|0.6155753968253967
157|resnet18|abmil-8_heads|MLP|2|0.785663082437276|0.5606960950764007|0.822439024390244|0.9554455445544555|0.7568559018696139|0.3599465707814307|0.6023265094550477|0.5246693121693121
158|resnet18|abmil-8_heads|MLP|3|0.7768354094884707|0.6273255813953489|0.8265306122448979|0.9686609686609686|0.7004525623450194|0.4411405168555336|0.5225696029074705|0.5839104852262746
159|resnet18|abmil-8_heads|MLP|4|0.7310505319148937|0.6092592592592592|0.7978835978835979|0.9697802197802198|0.6440541277597082|0.39801567994136633|0.4777085054658997|0.6487554112554113
160|resnet18|gabmil-1_heads|MLP|0|0.742503748125937|0.523873873873874|0.7882960413080895|0.898379970544919|0.6824115149019351|0.3497066043631333|0.49708758762634264|0.5659458466062239
161|resnet18|gabmil-1_heads|MLP|1|0.7535903250188966|0.6217895608947804|0.7568027210884354|0.9471649484536082|0.6065383165140145|0.42630872219235527|0.49807197810952|0.5127136752136752
162|resnet18|gabmil-1_heads|MLP|2|0.7734767025089606|0.5547538200339559|0.7668292682926828|0.9653465346534653|0.7442960169584919|0.3406047485095686|0.5209289202856713|0.6590909090909091
163|resnet18|gabmil-1_heads|MLP|3|0.7280678505168301|0.6375|0.7704081632653061|0.9648622981956316|0.637488905922791|0.4644082561270654|0.48737263463482094|0.5667336294787275
164|resnet18|gabmil-1_heads|MLP|4|0.6186835106382979|0.5711111111111111|0.6502645502645503|0.9601648351648351|0.5826920608442921|0.36100354007369273|0.305704154051914|0.6736721611721612
165|resnet18|gabmil-8_heads|MLP|0|0.7387556221889057|0.5225225225225225|0.7814113597246127|0.8645066273932253|0.6604307632871418|0.3564439060404003|0.4671730794100912|0.5250242389445897
166|resnet18|gabmil-8_heads|MLP|1|0.764172335600907|0.6139188069594035|0.7709750566893424|0.9407216494845361|0.6277698874695468|0.4141012777966744|0.5289043337898063|0.5934771825396825
167|resnet18|gabmil-8_heads|MLP|2|0.7949820788530466|0.5560271646859083|0.8434146341463415|0.9537953795379538|0.744869794659547|0.3577935697996445|0.6196990509816366|0.5248316498316498
168|resnet18|gabmil-8_heads|MLP|3|0.7723297111052214|0.6145348837209302|0.8378279883381924|0.9658119658119658|0.6992612187664261|0.42799402172557655|0.5272907046608353|0.573005698005698
169|resnet18|gabmil-8_heads|MLP|4|0.6868351063829787|0.5970370370370371|0.7523809523809524|0.967032967032967|0.6131848898693489|0.3901625739003455|0.4463831682556188|0.6401643990929705
170|resnet18|GAP|xgb|0|0.772488755622189|0.6558558558558559|0.7578886976477337|0.8041237113402062|0.7114705195068534|0.40292377005500424|0.5790100281269082|0.5065279190855227
171|resnet18|GAP|xgb|1|0.7717309145880573|0.6064623032311517|0.8061224489795918|0.9226804123711341|0.6881715036309551|0.4147825425583098|0.5526604846374337|0.5369634894091415
172|resnet18|GAP|xgb|2|0.7706093189964157|0.5764006791171477|0.871219512195122|0.9620462046204621|0.6744870817507741|0.4050516832982298|0.7230333013255157|0.5532407407407407
173|resnet18|GAP|xgb|3|0.7256824807845216|0.5718023255813953|0.7649416909620992|0.9753086419753086|0.6609799555612619|0.3695648457231941|0.4650505100047049|0.6491402116402116
174|resnet18|GAP|xgb|4|0.7775930851063829|0.6574074074074073|0.7333333333333333|0.9752747252747253|0.6886807090745404|0.5077411685090718|0.4743466161667207|0.7186206650492364
175|resnet18|GAP|lr|0|0.780359820089955|0.672972972972973|0.8250143430866322|0.8055964653902798|0.7595803735601749|0.37956846313337533|0.6265000226750445|0.5432265379269988
176|resnet18|GAP|lr|1|0.8095238095238095|0.6545153272576636|0.8503401360544218|0.9432989690721649|0.7389500480953648|0.4696809906415831|0.6564311969563137|0.6614781499862146
177|resnet18|GAP|lr|2|0.7899641577060932|0.5785229202037353|0.8878048780487805|0.9422442244224423|0.7638905934268044|0.44774360929869716|0.6342709368025734|0.5095767195767196
178|resnet18|GAP|lr|3|0.7641134375828253|0.6549418604651163|0.8724489795918368|0.9781576448243116|0.7344333468866322|0.4187173190378787|0.6559649063661653|0.7007054673721341
179|resnet18|GAP|lr|4|0.78125|0.7214814814814815|0.8449735449735449|0.9629120879120879|0.7391350188466186|0.5840582264136714|0.5903487927034511|0.611027861027861
180|resnet18|GAP|MLP|0|0.7110194902548727|0.5139639639639639|0.7131382673551349|0.7849779086892489|0.6704597057217159|0.355812356378858|0.39055676835546094|0.45154779083350505
181|resnet18|GAP|MLP|1|0.7464096749811036|0.5886495443247721|0.7636054421768708|0.9136597938144331|0.608812943609279|0.4115778099966355|0.5288312429136119|0.6215277777777777
182|resnet18|GAP|MLP|2|0.7770609318996416|0.5309847198641766|0.8126829268292683|0.9389438943894389|0.6858948068876486|0.3123972174958388|0.512662422937336|0.4669834307992202
183|resnet18|GAP|MLP|3|0.7381394116087994|0.6869186046511627|0.7434402332361516|0.97340930674264|0.6868353854030687|0.4715988486139429|0.4756538397193184|0.6470057233215128
184|resnet18|GAP|MLP|4|0.6924867021276596|0.6237037037037036|0.6804232804232804|0.9807692307692307|0.6257662683267734|0.41431741916172843|0.30706975921865165|0.8312074829931972
185|ensemble_ugp|abmil|MLP|0|0.8628185907046476|0.809009009009009|0.9546758462421113|0.9926362297496317|0.7792215009333254|0.7126670304037979|0.9461370663125048|0.9087301587301587
186|ensemble_ugp|abmil|MLP|1|0.8533635676492819|0.8334714167357083|0.9665532879818595|0.9896907216494846|0.7586467582218915|0.7505935786068288|0.942063492063492|0.9128787878787878
187|ensemble_ugp|abmil|MLP|2|0.9125448028673835|0.8752122241086588|0.9717073170731708|0.9900990099009901|0.880542961614971|0.7515749213948465|0.9510025144358947|0.8857142857142857
188|ensemble_ugp|abmil|MLP|3|0.8992843890803075|0.8982558139534884|0.9919825072886298|0.9952516619183286|0.8367052567461934|0.830595926428238|0.9693683425561503|0.9282627865961202
189|ensemble_ugp|abmil|MLP|4|0.8793218085106382|0.8648148148148148|0.9476190476190476|0.9821428571428571|0.7758533234537828|0.7984494194468453|0.9283251780244266|0.7511904761904762
190|ensemble_ug|abmil|MLP|0|0.8616941529235382|0.8004504504504505|0.9586919104991395|0.9896907216494846|0.7675085911842894|0.7128341948513305|0.9244551842206081|0.8752628324056895
191|ensemble_ug|abmil|MLP|1|0.8578987150415722|0.8417564208782105|0.977891156462585|0.9922680412371134|0.8182299176619893|0.7144073633885153|0.9467806713328606|0.928409090909091
192|ensemble_ug|abmil|MLP|2|0.8931899641577061|0.7835314091680814|0.9604878048780489|0.9834983498349834|0.8624203271011505|0.5645485770741543|0.9212092040774595|0.8134920634920635
193|ensemble_ug|abmil|MLP|3|0.8600583090379008|0.873546511627907|0.9901603498542274|0.9914529914529914|0.7996128359047225|0.8043149545424743|0.9722169782320158|0.8762706429373097
194|ensemble_ug|abmil|MLP|4|0.8507313829787234|0.8337037037037037|0.973015873015873|0.9684065934065934|0.7878732866438314|0.7207951061668452|0.9433837570115768|0.6049843014128728
195|ensemble_up|abmil|MLP|0|0.8504497751124438|0.8063063063063063|0.9609868043602983|0.9882179675994109|0.7774510956925511|0.6750626494473663|0.9525243832472748|0.8687074829931972
196|ensemble_up|abmil|MLP|1|0.872260015117158|0.8376139188069595|0.9688208616780045|0.9922680412371134|0.7917020636247425|0.763995073952843|0.9441282746160795|0.928409090909091
197|ensemble_up|abmil|MLP|2|0.9207885304659498|0.8607809847198642|0.9634146341463414|0.9900990099009901|0.8970061525467354|0.7173738519019421|0.9397760221109721|0.8819444444444444
198|ensemble_up|abmil|MLP|3|0.8929234031274847|0.8912790697674418|0.9923469387755102|0.9924026590693258|0.8442762600917926|0.8190938753399374|0.969226730268602|0.8412257495590829
199|ensemble_up|abmil|MLP|4|0.875|0.8585185185185186|0.9412698412698414|0.9793956043956044|0.789619126789826|0.7799088623277347|0.9208077113726212|0.723299319727891
200|ensemble_gp|abmil|MLP|0|0.841079460269865|0.7936936936936937|0.9638554216867469|0.9911634756995581|0.7447727164955044|0.6937968862427079|0.9562888198757764|0.8917233560090703
201|ensemble_gp|abmil|MLP|1|0.8613000755857899|0.8537696768848384|0.971655328798186|0.9884020618556701|0.790547979453517|0.7738566615040287|0.9476835221516073|0.8821428571428572
202|ensemble_gp|abmil|MLP|2|0.9222222222222222|0.8803056027164685|0.9712195121951219|0.9966996699669967|0.8780904344059691|0.7646614231018485|0.9490260583993719|0.9484126984126984
203|ensemble_gp|abmil|MLP|3|0.8931884442088524|0.8918604651162791|0.9963556851311953|0.9905033238366571|0.8355365862861862|0.8305244145646911|0.988039638932496|0.8733605900272567
204|ensemble_gp|abmil|MLP|4|0.8716755319148937|0.8555555555555555|0.9513227513227513|0.9835164835164836|0.7626175763187195|0.78480828531766|0.9319583401672957|0.7825757575757575
